nombre,email,rol_puesto,area,seniority,lider,notas
Diego Trefny,,Head of Business,Business & Marketing,,,Confirmado en Cultura (Management)
Patricio Euillades,,Res Admin,Finanzas & Administración,,,Confirmado en Cultura (Admin & Finance) como "Pato Euillades"
Luis Santiago Botto,,,Diseño de Producto,,,"Posible ""Santo Botto"", designer del piloto de Estrategia de Pod. A confirmar rol exacto"
Matías Jaubet,,Front End Developer,Desarrollo Frontend,,,A confirmar (dato tomado del mockup de referencia, no de una fuente interna)
Leandro Ferrara,,Soporte Técnico,Desarrollo Backend & Tech,,,Confirmado en Cultura (Sistemas y Desarrollo)
Agustín Zalazar,,Líder Técnico,Desarrollo Backend & Tech,Líder,,Confirmado en Cultura (Sistemas y Desarrollo)
Julio Lastra,,Project Manager,Project Management & Operaciones,,,Confirmado en Cultura (Operaciones - PM)
Paula Quiroga,,Project Manager,Project Management & Operaciones,,,Confirmado en Cultura (Operaciones - PM)
Juan Pablo Da Rocha,,CTO,Liderazgo / Tech,Líder,,Confirmado en Cultura (Management)
Rocío Doukler,,,,,,Sin datos - completar
María Julia Murua,,Head of Finance,Finanzas & Administración,,,Confirmado en Cultura (Management / Admin & Finance)
Sabrina García Demestre,,Design Ops,Diseño de Producto,,,Confirmado en Cultura (Management) como "Sabrina Demestre García"
Camila Perchik,,Designer,Diseño de Producto,,,Confirmada en deck Estrategia de Pod (equipo del piloto)
Pedro Astelarra,,,,,,Sin datos - completar
Melisa Fernández,,People,People & Culture,,,Confirmada en Cultura (Management)
Rocio Castillo,,,,,,Sin datos - completar (agrupada en el mensaje original, separada aquí)
Emiliano Carbone,,,,,,Sin datos - completar (agrupada en el mensaje original, separada aquí)
Agustin Telo,,,,,,Sin datos - completar (agrupada en el mensaje original, separada aquí)
